key,US,China,India,Iran,Kenya,Greece,lang,llama_size,mode,model_name
chinese_7_country_alpaca-2,0.3448275862068966,0.25,0.3939393939393939,0.41379310344827586,0.40625,0.34375,chinese,7,country,alpaca-2
chinese_13_country_alpaca-2,0.3793103448275862,0.32142857142857145,0.3939393939393939,0.4827586206896552,0.46875,0.375,chinese,13,country,alpaca-2
chinese_70_country_alpaca-2,0.3793103448275862,0.39285714285714285,0.42424242424242425,0.4827586206896552,0.53125,0.34375,chinese,70,country,alpaca-2
chinese_6_country_yi,0.3793103448275862,0.39285714285714285,0.45454545454545453,0.3448275862068966,0.25,0.3125,chinese,6,country,yi
chinese_34_country_yi,0.5517241379310345,0.5357142857142857,0.5454545454545454,0.4482758620689655,0.4375,0.53125,chinese,34,country,yi
