key,US,China,India,Iran,Kenya,Greece,lang,llama_size,mode,model_name
swahili_7_country_alpaca-2,0.3448275862068966,0.32142857142857145,0.3939393939393939,0.1724137931034483,0.3125,0.34375,swahili,7,country,alpaca-2
swahili_13_country_alpaca-2,0.3448275862068966,0.2857142857142857,0.3939393939393939,0.2413793103448276,0.34375,0.34375,swahili,13,country,alpaca-2
swahili_70_country_alpaca-2,0.3103448275862069,0.35714285714285715,0.3939393939393939,0.20689655172413793,0.34375,0.375,swahili,70,country,alpaca-2
swahili_7_country_uliza,0.3103448275862069,0.4642857142857143,0.45454545454545453,0.27586206896551724,0.3125,0.375,swahili,7,country,uliza
swahili_7_country_uliza-alt,0.3793103448275862,0.32142857142857145,0.36363636363636365,0.4827586206896552,0.40625,0.34375,swahili,7,country,uliza-alt
