key,US,China,India,Iran,Kenya,Greece,lang,llama_size,mode,model_name
english_7_country_uliza,0.20689655172413793,0.5,0.3939393939393939,0.1724137931034483,0.25,0.3125,english,7,country,uliza
swahili_7_country_uliza,0.3103448275862069,0.4642857142857143,0.45454545454545453,0.27586206896551724,0.3125,0.375,swahili,7,country,uliza
