key,US,China,India,Iran,Kenya,Greece,lang,llama_size,mode,model_name
english_7_country_uliza-alt,0.4482758620689655,0.39285714285714285,0.3939393939393939,0.3448275862068966,0.3125,0.25,english,7,country,uliza-alt
swahili_7_country_uliza-alt,0.3793103448275862,0.32142857142857145,0.36363636363636365,0.4827586206896552,0.40625,0.34375,swahili,7,country,uliza-alt
