key,US,China,India,Iran,Kenya,Greece,lang,llama_size,mode,model_name
english_7_no_country_uliza-alt,0.41379310344827586,0.35714285714285715,0.42424242424242425,0.4482758620689655,0.46875,0.4375,english,7,no_country,uliza-alt
swahili_7_no_country_uliza-alt,0.3793103448275862,0.39285714285714285,0.3939393939393939,0.4827586206896552,0.46875,0.375,swahili,7,no_country,uliza-alt
