key,US,China,India,Iran,Kenya,Greece,lang,llama_size,mode,model_name
english_7_no_country_uliza,0.13793103448275862,0.42857142857142855,0.3939393939393939,0.20689655172413793,0.25,0.28125,english,7,no_country,uliza
swahili_7_no_country_uliza,0.3103448275862069,0.5,0.42424242424242425,0.27586206896551724,0.3125,0.40625,swahili,7,no_country,uliza
